,ProvinceName,Prod,Prop,HarvArea,ProdPerHarvArea,Year,ProvinceID,region,MinRain,MaxRain,AvgRain
76,ขอนแก่น,79951.0,1%,138243.0,578.34,2021,40,ตะวันออกเฉียงเหนือ,0.0,0.0,0.0
77,ขอนแก่น,79951.0,1%,138243.0,578.34,2021,40,ตะวันออกเฉียงเหนือ,0.0,4.679999828,0.04258716841666666
78,ขอนแก่น,79951.0,1%,138243.0,578.34,2021,40,ตะวันออกเฉียงเหนือ,0.0,7.079999924,0.059706165750000005
79,ขอนแก่น,79951.0,1%,138243.0,578.34,2021,40,ตะวันออกเฉียงเหนือ,17.13999939,46.45000076,2.2299624833333334
80,ขอนแก่น,79951.0,1%,138243.0,578.34,2021,40,ตะวันออกเฉียงเหนือ,30.30999947,92.27999878,5.672085094166667
81,ขอนแก่น,79951.0,1%,138243.0,578.34,2021,40,ตะวันออกเฉียงเหนือ,63.70000076,182.9499969,10.760557091666668
82,ขอนแก่น,79951.0,1%,138243.0,578.34,2021,40,ตะวันออกเฉียงเหนือ,71.51000214,141.8000031,8.983885241666666
83,ขอนแก่น,79951.0,1%,138243.0,578.34,2021,40,ตะวันออกเฉียงเหนือ,93.93000031,189.4499969,11.632401533333335
84,ขอนแก่น,79951.0,1%,138243.0,578.34,2021,40,ตะวันออกเฉียงเหนือ,97.75,190.4900055,11.174043641666666
85,ขอนแก่น,79951.0,1%,138243.0,578.34,2021,40,ตะวันออกเฉียงเหนือ,106.1999969,249.4700012,12.666564116666665
86,ขอนแก่น,79951.0,1%,138243.0,578.34,2021,40,ตะวันออกเฉียงเหนือ,141.75,191.7700043,13.418799841666667
87,ขอนแก่น,79951.0,1%,138243.0,578.34,2021,40,ตะวันออกเฉียงเหนือ,258.3299866,393.0599976,25.356690933333336
88,ขอนแก่น,79951.0,1%,138243.0,578.34,2022,40,ตะวันออกเฉียงเหนือ,2.829999924,17.26000023,0.6511614422499999
89,ขอนแก่น,79951.0,1%,138243.0,578.34,2022,40,ตะวันออกเฉียงเหนือ,29.56999969,77.93000031,4.082275826666667
90,ขอนแก่น,79951.0,1%,138243.0,578.34,2022,40,ตะวันออกเฉียงเหนือ,38.04999924,98.66999817,5.3700100975
91,ขอนแก่น,79951.0,1%,138243.0,578.34,2022,40,ตะวันออกเฉียงเหนือ,49.43999863,85.34999847,5.052202275
92,ขอนแก่น,79951.0,1%,138243.0,578.34,2022,40,ตะวันออกเฉียงเหนือ,87.37999725,204.3000031,12.348133333333335
93,ขอนแก่น,79951.0,1%,138243.0,578.34,2022,40,ตะวันออกเฉียงเหนือ,92.94000244,275.4100037,16.64701265
94,ขอนแก่น,79951.0,1%,138243.0,578.34,2022,40,ตะวันออกเฉียงเหนือ,246.6900024,364.480011,23.567364483333336
95,ขอนแก่น,78367.0,1%,134362.0,583.25,2021,40,ตะวันออกเฉียงเหนือ,0.0,0.0,0.0
96,ขอนแก่น,78367.0,1%,134362.0,583.25,2021,40,ตะวันออกเฉียงเหนือ,0.0,4.679999828,0.04258716841666666
97,ขอนแก่น,78367.0,1%,134362.0,583.25,2021,40,ตะวันออกเฉียงเหนือ,0.0,7.079999924,0.059706165750000005
98,ขอนแก่น,78367.0,1%,134362.0,583.25,2021,40,ตะวันออกเฉียงเหนือ,17.13999939,46.45000076,2.2299624833333334
99,ขอนแก่น,78367.0,1%,134362.0,583.25,2021,40,ตะวันออกเฉียงเหนือ,30.30999947,92.27999878,5.672085094166667
100,ขอนแก่น,78367.0,1%,134362.0,583.25,2021,40,ตะวันออกเฉียงเหนือ,63.70000076,182.9499969,10.760557091666668
101,ขอนแก่น,78367.0,1%,134362.0,583.25,2021,40,ตะวันออกเฉียงเหนือ,71.51000214,141.8000031,8.983885241666666
102,ขอนแก่น,78367.0,1%,134362.0,583.25,2021,40,ตะวันออกเฉียงเหนือ,93.93000031,189.4499969,11.632401533333335
103,ขอนแก่น,78367.0,1%,134362.0,583.25,2021,40,ตะวันออกเฉียงเหนือ,97.75,190.4900055,11.174043641666666
104,ขอนแก่น,78367.0,1%,134362.0,583.25,2021,40,ตะวันออกเฉียงเหนือ,106.1999969,249.4700012,12.666564116666665
105,ขอนแก่น,78367.0,1%,134362.0,583.25,2021,40,ตะวันออกเฉียงเหนือ,141.75,191.7700043,13.418799841666667
106,ขอนแก่น,78367.0,1%,134362.0,583.25,2021,40,ตะวันออกเฉียงเหนือ,258.3299866,393.0599976,25.356690933333336
107,ขอนแก่น,78367.0,1%,134362.0,583.25,2022,40,ตะวันออกเฉียงเหนือ,2.829999924,17.26000023,0.6511614422499999
108,ขอนแก่น,78367.0,1%,134362.0,583.25,2022,40,ตะวันออกเฉียงเหนือ,29.56999969,77.93000031,4.082275826666667
109,ขอนแก่น,78367.0,1%,134362.0,583.25,2022,40,ตะวันออกเฉียงเหนือ,38.04999924,98.66999817,5.3700100975
110,ขอนแก่น,78367.0,1%,134362.0,583.25,2022,40,ตะวันออกเฉียงเหนือ,49.43999863,85.34999847,5.052202275
111,ขอนแก่น,78367.0,1%,134362.0,583.25,2022,40,ตะวันออกเฉียงเหนือ,87.37999725,204.3000031,12.348133333333335
112,ขอนแก่น,78367.0,1%,134362.0,583.25,2022,40,ตะวันออกเฉียงเหนือ,92.94000244,275.4100037,16.64701265
113,ขอนแก่น,78367.0,1%,134362.0,583.25,2022,40,ตะวันออกเฉียงเหนือ,246.6900024,364.480011,23.567364483333336
114,อุบลราชธานี,79618.0,1%,165902.0,479.91,2021,34,ตะวันออกเฉียงเหนือ,0.0,0.0,0.0
115,อุบลราชธานี,79618.0,1%,165902.0,479.91,2021,34,ตะวันออกเฉียงเหนือ,0.0,4.869999886,0.0178466405
116,อุบลราชธานี,79618.0,1%,165902.0,479.91,2021,34,ตะวันออกเฉียงเหนือ,1.149999976,6.099999905,0.33936063974999997
117,อุบลราชธานี,79618.0,1%,165902.0,479.91,2021,34,ตะวันออกเฉียงเหนือ,2.5,13.02999973,0.48166218391666665
118,อุบลราชธานี,79618.0,1%,165902.0,479.91,2021,34,ตะวันออกเฉียงเหนือ,3.900000095,23.53000069,0.73912766775
119,อุบลราชธานี,79618.0,1%,165902.0,479.91,2021,34,ตะวันออกเฉียงเหนือ,46.09999847,100.9100037,5.818728388333334
120,อุบลราชธานี,79618.0,1%,165902.0,479.91,2021,34,ตะวันออกเฉียงเหนือ,127.7200012,183.4299927,11.972430516666668
121,อุบลราชธานี,79618.0,1%,165902.0,479.91,2021,34,ตะวันออกเฉียงเหนือ,166.1300049,231.25,16.616688883333335
122,อุบลราชธานี,79618.0,1%,165902.0,479.91,2021,34,ตะวันออกเฉียงเหนือ,170.8999939,260.980011,19.090688283333332
123,อุบลราชธานี,79618.0,1%,165902.0,479.91,2021,34,ตะวันออกเฉียงเหนือ,177.3999939,295.1199951,19.266049008333333
124,อุบลราชธานี,79618.0,1%,165902.0,479.91,2021,34,ตะวันออกเฉียงเหนือ,235.8399963,360.6799927,24.897293541666667
125,อุบลราชธานี,79618.0,1%,165902.0,479.91,2021,34,ตะวันออกเฉียงเหนือ,347.0,514.9799805,33.60884879166667
126,อุบลราชธานี,79618.0,1%,165902.0,479.91,2022,34,ตะวันออกเฉียงเหนือ,1.639999986,4.679999828,0.24192282091666664
127,อุบลราชธานี,79618.0,1%,165902.0,479.91,2022,34,ตะวันออกเฉียงเหนือ,14.86999989,42.18000031,2.347032839166667
128,อุบลราชธานี,79618.0,1%,165902.0,479.91,2022,34,ตะวันออกเฉียงเหนือ,45.13000107,131.4799957,6.693465185833333
129,อุบลราชธานี,79618.0,1%,165902.0,479.91,2022,34,ตะวันออกเฉียงเหนือ,59.90999985,163.1900024,9.459555441666668
130,อุบลราชธานี,79618.0,1%,165902.0,479.91,2022,34,ตะวันออกเฉียงเหนือ,99.72000122,137.8000031,9.943319950000001
131,อุบลราชธานี,79618.0,1%,165902.0,479.91,2022,34,ตะวันออกเฉียงเหนือ,262.2200012,386.2000122,27.463109650000003
132,อุบลราชธานี,79618.0,1%,165902.0,479.91,2022,34,ตะวันออกเฉียงเหนือ,285.6799927,455.4100037,28.09376195
133,อุบลราชธานี,85116.0,2%,176536.0,482.15,2021,34,ตะวันออกเฉียงเหนือ,0.0,0.0,0.0
134,อุบลราชธานี,85116.0,2%,176536.0,482.15,2021,34,ตะวันออกเฉียงเหนือ,0.0,4.869999886,0.0178466405
135,อุบลราชธานี,85116.0,2%,176536.0,482.15,2021,34,ตะวันออกเฉียงเหนือ,1.149999976,6.099999905,0.33936063974999997
136,อุบลราชธานี,85116.0,2%,176536.0,482.15,2021,34,ตะวันออกเฉียงเหนือ,2.5,13.02999973,0.48166218391666665
137,อุบลราชธานี,85116.0,2%,176536.0,482.15,2021,34,ตะวันออกเฉียงเหนือ,3.900000095,23.53000069,0.73912766775
138,อุบลราชธานี,85116.0,2%,176536.0,482.15,2021,34,ตะวันออกเฉียงเหนือ,46.09999847,100.9100037,5.818728388333334
139,อุบลราชธานี,85116.0,2%,176536.0,482.15,2021,34,ตะวันออกเฉียงเหนือ,127.7200012,183.4299927,11.972430516666668
140,อุบลราชธานี,85116.0,2%,176536.0,482.15,2021,34,ตะวันออกเฉียงเหนือ,166.1300049,231.25,16.616688883333335
141,อุบลราชธานี,85116.0,2%,176536.0,482.15,2021,34,ตะวันออกเฉียงเหนือ,170.8999939,260.980011,19.090688283333332
142,อุบลราชธานี,85116.0,2%,176536.0,482.15,2021,34,ตะวันออกเฉียงเหนือ,177.3999939,295.1199951,19.266049008333333
143,อุบลราชธานี,85116.0,2%,176536.0,482.15,2021,34,ตะวันออกเฉียงเหนือ,235.8399963,360.6799927,24.897293541666667
144,อุบลราชธานี,85116.0,2%,176536.0,482.15,2021,34,ตะวันออกเฉียงเหนือ,347.0,514.9799805,33.60884879166667
145,อุบลราชธานี,85116.0,2%,176536.0,482.15,2022,34,ตะวันออกเฉียงเหนือ,1.639999986,4.679999828,0.24192282091666664
146,อุบลราชธานี,85116.0,2%,176536.0,482.15,2022,34,ตะวันออกเฉียงเหนือ,14.86999989,42.18000031,2.347032839166667
147,อุบลราชธานี,85116.0,2%,176536.0,482.15,2022,34,ตะวันออกเฉียงเหนือ,45.13000107,131.4799957,6.693465185833333
148,อุบลราชธานี,85116.0,2%,176536.0,482.15,2022,34,ตะวันออกเฉียงเหนือ,59.90999985,163.1900024,9.459555441666668
149,อุบลราชธานี,85116.0,2%,176536.0,482.15,2022,34,ตะวันออกเฉียงเหนือ,99.72000122,137.8000031,9.943319950000001
150,อุบลราชธานี,85116.0,2%,176536.0,482.15,2022,34,ตะวันออกเฉียงเหนือ,262.2200012,386.2000122,27.463109650000003
151,อุบลราชธานี,85116.0,2%,176536.0,482.15,2022,34,ตะวันออกเฉียงเหนือ,285.6799927,455.4100037,28.09376195
304,ชัยภูมิ,51299.0,1%,82019.0,625.45,2021,36,ตะวันออกเฉียงเหนือ,0.0,0.0,0.0
305,ชัยภูมิ,51299.0,1%,82019.0,625.45,2021,36,ตะวันออกเฉียงเหนือ,0.129999995,32.22999954,0.6054283130833333
306,ชัยภูมิ,51299.0,1%,82019.0,625.45,2021,36,ตะวันออกเฉียงเหนือ,0.25,21.21999931,0.3891745348333333
307,ชัยภูมิ,51299.0,1%,82019.0,625.45,2021,36,ตะวันออกเฉียงเหนือ,9.670000076,76.16000366,3.006092985
308,ชัยภูมิ,51299.0,1%,82019.0,625.45,2021,36,ตะวันออกเฉียงเหนือ,10.68999958,28.75,1.399671715
309,ชัยภูมิ,51299.0,1%,82019.0,625.45,2021,36,ตะวันออกเฉียงเหนือ,28.77000046,134.3000031,5.227009675000001
310,ชัยภูมิ,51299.0,1%,82019.0,625.45,2021,36,ตะวันออกเฉียงเหนือ,45.93000031,124.7900009,7.704869510833333
311,ชัยภูมิ,51299.0,1%,82019.0,625.45,2021,36,ตะวันออกเฉียงเหนือ,101.9100037,259.4299927,14.482568475
312,ชัยภูมิ,51299.0,1%,82019.0,625.45,2021,36,ตะวันออกเฉียงเหนือ,125.5100021,221.9900055,15.327013025
313,ชัยภูมิ,51299.0,1%,82019.0,625.45,2021,36,ตะวันออกเฉียงเหนือ,129.75,213.5399933,14.842776716666668
314,ชัยภูมิ,51299.0,1%,82019.0,625.45,2021,36,ตะวันออกเฉียงเหนือ,134.3300018,220.6000061,13.216306833333334
315,ชัยภูมิ,51299.0,1%,82019.0,625.45,2021,36,ตะวันออกเฉียงเหนือ,234.1000061,458.9500122,31.037579941666667
316,ชัยภูมิ,51299.0,1%,82019.0,625.45,2022,36,ตะวันออกเฉียงเหนือ,7.360000134,45.93999863,1.6062417808333331
317,ชัยภูมิ,51299.0,1%,82019.0,625.45,2022,36,ตะวันออกเฉียงเหนือ,11.68999958,52.02999878,2.235496711666667
318,ชัยภูมิ,51299.0,1%,82019.0,625.45,2022,36,ตะวันออกเฉียงเหนือ,36.84999847,89.86000061,5.167004768333333
319,ชัยภูมิ,51299.0,1%,82019.0,625.45,2022,36,ตะวันออกเฉียงเหนือ,56.11999893,221.8800049,10.179986683333334
320,ชัยภูมิ,51299.0,1%,82019.0,625.45,2022,36,ตะวันออกเฉียงเหนือ,78.68000031,200.8500061,10.318869616666666
321,ชัยภูมิ,51299.0,1%,82019.0,625.45,2022,36,ตะวันออกเฉียงเหนือ,83.30999756,151.6100006,8.896212725
322,ชัยภูมิ,51299.0,1%,82019.0,625.45,2022,36,ตะวันออกเฉียงเหนือ,181.9499969,413.480011,25.66844801666667
323,ชัยภูมิ,46364.0,1%,75056.0,617.73,2021,36,ตะวันออกเฉียงเหนือ,0.0,0.0,0.0
324,ชัยภูมิ,46364.0,1%,75056.0,617.73,2021,36,ตะวันออกเฉียงเหนือ,0.129999995,32.22999954,0.6054283130833333
325,ชัยภูมิ,46364.0,1%,75056.0,617.73,2021,36,ตะวันออกเฉียงเหนือ,0.25,21.21999931,0.3891745348333333
326,ชัยภูมิ,46364.0,1%,75056.0,617.73,2021,36,ตะวันออกเฉียงเหนือ,9.670000076,76.16000366,3.006092985
327,ชัยภูมิ,46364.0,1%,75056.0,617.73,2021,36,ตะวันออกเฉียงเหนือ,10.68999958,28.75,1.399671715
328,ชัยภูมิ,46364.0,1%,75056.0,617.73,2021,36,ตะวันออกเฉียงเหนือ,28.77000046,134.3000031,5.227009675000001
329,ชัยภูมิ,46364.0,1%,75056.0,617.73,2021,36,ตะวันออกเฉียงเหนือ,45.93000031,124.7900009,7.704869510833333
330,ชัยภูมิ,46364.0,1%,75056.0,617.73,2021,36,ตะวันออกเฉียงเหนือ,101.9100037,259.4299927,14.482568475
331,ชัยภูมิ,46364.0,1%,75056.0,617.73,2021,36,ตะวันออกเฉียงเหนือ,125.5100021,221.9900055,15.327013025
332,ชัยภูมิ,46364.0,1%,75056.0,617.73,2021,36,ตะวันออกเฉียงเหนือ,129.75,213.5399933,14.842776716666668
333,ชัยภูมิ,46364.0,1%,75056.0,617.73,2021,36,ตะวันออกเฉียงเหนือ,134.3300018,220.6000061,13.216306833333334
334,ชัยภูมิ,46364.0,1%,75056.0,617.73,2021,36,ตะวันออกเฉียงเหนือ,234.1000061,458.9500122,31.037579941666667
335,ชัยภูมิ,46364.0,1%,75056.0,617.73,2022,36,ตะวันออกเฉียงเหนือ,7.360000134,45.93999863,1.6062417808333331
336,ชัยภูมิ,46364.0,1%,75056.0,617.73,2022,36,ตะวันออกเฉียงเหนือ,11.68999958,52.02999878,2.235496711666667
337,ชัยภูมิ,46364.0,1%,75056.0,617.73,2022,36,ตะวันออกเฉียงเหนือ,36.84999847,89.86000061,5.167004768333333
338,ชัยภูมิ,46364.0,1%,75056.0,617.73,2022,36,ตะวันออกเฉียงเหนือ,56.11999893,221.8800049,10.179986683333334
339,ชัยภูมิ,46364.0,1%,75056.0,617.73,2022,36,ตะวันออกเฉียงเหนือ,78.68000031,200.8500061,10.318869616666666
340,ชัยภูมิ,46364.0,1%,75056.0,617.73,2022,36,ตะวันออกเฉียงเหนือ,83.30999756,151.6100006,8.896212725
341,ชัยภูมิ,46364.0,1%,75056.0,617.73,2022,36,ตะวันออกเฉียงเหนือ,181.9499969,413.480011,25.66844801666667
380,หนองคาย,46557.0,1%,88909.0,523.65,2021,43,ตะวันออกเฉียงเหนือ,0.0,0.0,0.0
381,หนองคาย,46557.0,1%,88909.0,523.65,2021,43,ตะวันออกเฉียงเหนือ,0.0,0.01,2.4e-06
382,หนองคาย,46557.0,1%,88909.0,523.65,2021,43,ตะวันออกเฉียงเหนือ,0.0,2.539999962,0.06433789125
383,หนองคาย,46557.0,1%,88909.0,523.65,2021,43,ตะวันออกเฉียงเหนือ,26.79999924,32.49000168,2.4182919508333334
384,หนองคาย,46557.0,1%,88909.0,523.65,2021,43,ตะวันออกเฉียงเหนือ,45.72000122,76.48999786,5.1480982375
385,หนองคาย,46557.0,1%,88909.0,523.65,2021,43,ตะวันออกเฉียงเหนือ,52.00999832,126.9100037,7.1514690525
386,หนองคาย,46557.0,1%,88909.0,523.65,2021,43,ตะวันออกเฉียงเหนือ,115.9100037,175.7599945,11.450767966666668
387,หนองคาย,46557.0,1%,88909.0,523.65,2021,43,ตะวันออกเฉียงเหนือ,149.5399933,231.3300018,14.910244983333333
388,หนองคาย,46557.0,1%,88909.0,523.65,2021,43,ตะวันออกเฉียงเหนือ,163.5299988,485.730011,19.8779495
389,หนองคาย,46557.0,1%,88909.0,523.65,2021,43,ตะวันออกเฉียงเหนือ,174.7899933,580.6300049,29.348985858333332
390,หนองคาย,46557.0,1%,88909.0,523.65,2021,43,ตะวันออกเฉียงเหนือ,178.1100006,397.6400146,22.207770783333334
391,หนองคาย,46557.0,1%,88909.0,523.65,2021,43,ตะวันออกเฉียงเหนือ,320.4599915,406.0499878,30.072603166666667
392,หนองคาย,46557.0,1%,88909.0,523.65,2022,43,ตะวันออกเฉียงเหนือ,7.659999847,26.20000076,1.3246689458333334
393,หนองคาย,46557.0,1%,88909.0,523.65,2022,43,ตะวันออกเฉียงเหนือ,49.20000076,120.3899994,7.303016674999999
394,หนองคาย,46557.0,1%,88909.0,523.65,2022,43,ตะวันออกเฉียงเหนือ,79.87000275,148.3800049,9.572532083333334
395,หนองคาย,46557.0,1%,88909.0,523.65,2022,43,ตะวันออกเฉียงเหนือ,102.2200012,193.2799988,12.407841558333333
396,หนองคาย,46557.0,1%,88909.0,523.65,2022,43,ตะวันออกเฉียงเหนือ,123.1100006,246.2100067,14.903747150000001
397,หนองคาย,46557.0,1%,88909.0,523.65,2022,43,ตะวันออกเฉียงเหนือ,180.1000061,531.8099976,25.4552339
398,หนองคาย,46557.0,1%,88909.0,523.65,2022,43,ตะวันออกเฉียงเหนือ,316.730011,469.1300049,32.81253960833333
399,หนองคาย,53943.0,1%,102064.0,528.52,2021,43,ตะวันออกเฉียงเหนือ,0.0,0.0,0.0
400,หนองคาย,53943.0,1%,102064.0,528.52,2021,43,ตะวันออกเฉียงเหนือ,0.0,0.01,2.4e-06
401,หนองคาย,53943.0,1%,102064.0,528.52,2021,43,ตะวันออกเฉียงเหนือ,0.0,2.539999962,0.06433789125
402,หนองคาย,53943.0,1%,102064.0,528.52,2021,43,ตะวันออกเฉียงเหนือ,26.79999924,32.49000168,2.4182919508333334
403,หนองคาย,53943.0,1%,102064.0,528.52,2021,43,ตะวันออกเฉียงเหนือ,45.72000122,76.48999786,5.1480982375
404,หนองคาย,53943.0,1%,102064.0,528.52,2021,43,ตะวันออกเฉียงเหนือ,52.00999832,126.9100037,7.1514690525
405,หนองคาย,53943.0,1%,102064.0,528.52,2021,43,ตะวันออกเฉียงเหนือ,115.9100037,175.7599945,11.450767966666668
406,หนองคาย,53943.0,1%,102064.0,528.52,2021,43,ตะวันออกเฉียงเหนือ,149.5399933,231.3300018,14.910244983333333
407,หนองคาย,53943.0,1%,102064.0,528.52,2021,43,ตะวันออกเฉียงเหนือ,163.5299988,485.730011,19.8779495
408,หนองคาย,53943.0,1%,102064.0,528.52,2021,43,ตะวันออกเฉียงเหนือ,174.7899933,580.6300049,29.348985858333332
409,หนองคาย,53943.0,1%,102064.0,528.52,2021,43,ตะวันออกเฉียงเหนือ,178.1100006,397.6400146,22.207770783333334
410,หนองคาย,53943.0,1%,102064.0,528.52,2021,43,ตะวันออกเฉียงเหนือ,320.4599915,406.0499878,30.072603166666667
411,หนองคาย,53943.0,1%,102064.0,528.52,2022,43,ตะวันออกเฉียงเหนือ,7.659999847,26.20000076,1.3246689458333334
412,หนองคาย,53943.0,1%,102064.0,528.52,2022,43,ตะวันออกเฉียงเหนือ,49.20000076,120.3899994,7.303016674999999
413,หนองคาย,53943.0,1%,102064.0,528.52,2022,43,ตะวันออกเฉียงเหนือ,79.87000275,148.3800049,9.572532083333334
414,หนองคาย,53943.0,1%,102064.0,528.52,2022,43,ตะวันออกเฉียงเหนือ,102.2200012,193.2799988,12.407841558333333
415,หนองคาย,53943.0,1%,102064.0,528.52,2022,43,ตะวันออกเฉียงเหนือ,123.1100006,246.2100067,14.903747150000001
416,หนองคาย,53943.0,1%,102064.0,528.52,2022,43,ตะวันออกเฉียงเหนือ,180.1000061,531.8099976,25.4552339
417,หนองคาย,53943.0,1%,102064.0,528.52,2022,43,ตะวันออกเฉียงเหนือ,316.730011,469.1300049,32.81253960833333
418,ยโสธร,37832.0,1%,67199.0,562.98,2021,35,ตะวันออกเฉียงเหนือ,0.0,0.0,0.0
419,ยโสธร,37832.0,1%,67199.0,562.98,2021,35,ตะวันออกเฉียงเหนือ,0.0,0.059999999,0.00040412808333333336
420,ยโสธร,37832.0,1%,67199.0,562.98,2021,35,ตะวันออกเฉียงเหนือ,0.0,3.400000095,0.035324797416666665
421,ยโสธร,37832.0,1%,67199.0,562.98,2021,35,ตะวันออกเฉียงเหนือ,5.809999943,22.27000046,1.0656235541666665
422,ยโสธร,37832.0,1%,67199.0,562.98,2021,35,ตะวันออกเฉียงเหนือ,8.140000343,55.27999878,2.7604877991666665
423,ยโสธร,37832.0,1%,67199.0,562.98,2021,35,ตะวันออกเฉียงเหนือ,58.02000046,123.5199966,8.340192425
424,ยโสธร,37832.0,1%,67199.0,562.98,2021,35,ตะวันออกเฉียงเหนือ,123.0199966,230.6100006,12.941217683333333
425,ยโสธร,37832.0,1%,67199.0,562.98,2021,35,ตะวันออกเฉียงเหนือ,147.7200012,199.9100037,13.91151475
426,ยโสธร,37832.0,1%,67199.0,562.98,2021,35,ตะวันออกเฉียงเหนือ,149.0599976,219.3300018,13.577144108333334
427,ยโสธร,37832.0,1%,67199.0,562.98,2021,35,ตะวันออกเฉียงเหนือ,149.5200043,194.2799988,13.922371716666667
428,ยโสธร,37832.0,1%,67199.0,562.98,2021,35,ตะวันออกเฉียงเหนือ,203.7400055,379.3900146,22.259764891666666
429,ยโสธร,37832.0,1%,67199.0,562.98,2021,35,ตะวันออกเฉียงเหนือ,397.3800049,556.4400024,41.52948378333333
430,ยโสธร,37832.0,1%,67199.0,562.98,2022,35,ตะวันออกเฉียงเหนือ,1.679999948,6.059999943,0.37831645466666664
431,ยโสธร,37832.0,1%,67199.0,562.98,2022,35,ตะวันออกเฉียงเหนือ,6.0,24.27000046,1.0100499133333334
432,ยโสธร,37832.0,1%,67199.0,562.98,2022,35,ตะวันออกเฉียงเหนือ,41.22000122,95.80999756,4.692891108333334
433,ยโสธร,37832.0,1%,67199.0,562.98,2022,35,ตะวันออกเฉียงเหนือ,93.87999725,222.8200073,12.407077791666666
434,ยโสธร,37832.0,1%,67199.0,562.98,2022,35,ตะวันออกเฉียงเหนือ,107.0699997,203.3899994,12.72308015
435,ยโสธร,37832.0,1%,67199.0,562.98,2022,35,ตะวันออกเฉียงเหนือ,242.9600067,289.8500061,22.938365166666667
436,ยโสธร,37832.0,1%,67199.0,562.98,2022,35,ตะวันออกเฉียงเหนือ,244.8800049,307.3800049,22.267229941666667
437,ยโสธร,40022.0,1%,71105.0,562.86,2021,35,ตะวันออกเฉียงเหนือ,0.0,0.0,0.0
438,ยโสธร,40022.0,1%,71105.0,562.86,2021,35,ตะวันออกเฉียงเหนือ,0.0,0.059999999,0.00040412808333333336
439,ยโสธร,40022.0,1%,71105.0,562.86,2021,35,ตะวันออกเฉียงเหนือ,0.0,3.400000095,0.035324797416666665
440,ยโสธร,40022.0,1%,71105.0,562.86,2021,35,ตะวันออกเฉียงเหนือ,5.809999943,22.27000046,1.0656235541666665
441,ยโสธร,40022.0,1%,71105.0,562.86,2021,35,ตะวันออกเฉียงเหนือ,8.140000343,55.27999878,2.7604877991666665
442,ยโสธร,40022.0,1%,71105.0,562.86,2021,35,ตะวันออกเฉียงเหนือ,58.02000046,123.5199966,8.340192425
443,ยโสธร,40022.0,1%,71105.0,562.86,2021,35,ตะวันออกเฉียงเหนือ,123.0199966,230.6100006,12.941217683333333
444,ยโสธร,40022.0,1%,71105.0,562.86,2021,35,ตะวันออกเฉียงเหนือ,147.7200012,199.9100037,13.91151475
445,ยโสธร,40022.0,1%,71105.0,562.86,2021,35,ตะวันออกเฉียงเหนือ,149.0599976,219.3300018,13.577144108333334
446,ยโสธร,40022.0,1%,71105.0,562.86,2021,35,ตะวันออกเฉียงเหนือ,149.5200043,194.2799988,13.922371716666667
447,ยโสธร,40022.0,1%,71105.0,562.86,2021,35,ตะวันออกเฉียงเหนือ,203.7400055,379.3900146,22.259764891666666
448,ยโสธร,40022.0,1%,71105.0,562.86,2021,35,ตะวันออกเฉียงเหนือ,397.3800049,556.4400024,41.52948378333333
449,ยโสธร,40022.0,1%,71105.0,562.86,2022,35,ตะวันออกเฉียงเหนือ,1.679999948,6.059999943,0.37831645466666664
450,ยโสธร,40022.0,1%,71105.0,562.86,2022,35,ตะวันออกเฉียงเหนือ,6.0,24.27000046,1.0100499133333334
451,ยโสธร,40022.0,1%,71105.0,562.86,2022,35,ตะวันออกเฉียงเหนือ,41.22000122,95.80999756,4.692891108333334
452,ยโสธร,40022.0,1%,71105.0,562.86,2022,35,ตะวันออกเฉียงเหนือ,93.87999725,222.8200073,12.407077791666666
453,ยโสธร,40022.0,1%,71105.0,562.86,2022,35,ตะวันออกเฉียงเหนือ,107.0699997,203.3899994,12.72308015
454,ยโสธร,40022.0,1%,71105.0,562.86,2022,35,ตะวันออกเฉียงเหนือ,242.9600067,289.8500061,22.938365166666667
455,ยโสธร,40022.0,1%,71105.0,562.86,2022,35,ตะวันออกเฉียงเหนือ,244.8800049,307.3800049,22.267229941666667
456,นครพนม,36385.0,1%,70376.0,517.01,2021,48,ตะวันออกเฉียงเหนือ,0.0,0.0,0.0
457,นครพนม,36385.0,1%,70376.0,517.01,2021,48,ตะวันออกเฉียงเหนือ,0.0,0.01,5.681816666666667e-05
458,นครพนม,36385.0,1%,70376.0,517.01,2021,48,ตะวันออกเฉียงเหนือ,0.0,0.699999988,0.012454405166666667
459,นครพนม,36385.0,1%,70376.0,517.01,2021,48,ตะวันออกเฉียงเหนือ,16.82999992,43.20000076,2.4636267183333334
460,นครพนม,36385.0,1%,70376.0,517.01,2021,48,ตะวันออกเฉียงเหนือ,26.11000061,85.0,4.63582246
461,นครพนม,36385.0,1%,70376.0,517.01,2021,48,ตะวันออกเฉียงเหนือ,85.54000092,250.3399963,12.338191466666666
462,นครพนม,36385.0,1%,70376.0,517.01,2021,48,ตะวันออกเฉียงเหนือ,97.83000183,163.5800018,11.856838525
463,นครพนม,36385.0,1%,70376.0,517.01,2021,48,ตะวันออกเฉียงเหนือ,142.9199982,275.6700134,15.531393625
464,นครพนม,36385.0,1%,70376.0,517.01,2021,48,ตะวันออกเฉียงเหนือ,157.6600037,308.0599976,18.039779566666667
465,นครพนม,36385.0,1%,70376.0,517.01,2021,48,ตะวันออกเฉียงเหนือ,237.4900055,311.4700012,22.843816991666667
466,นครพนม,36385.0,1%,70376.0,517.01,2021,48,ตะวันออกเฉียงเหนือ,266.9899902,494.6799927,31.934146333333334
467,นครพนม,36385.0,1%,70376.0,517.01,2021,48,ตะวันออกเฉียงเหนือ,287.8099976,570.3400269,33.14729920833333
468,นครพนม,36385.0,1%,70376.0,517.01,2022,48,ตะวันออกเฉียงเหนือ,1.879999995,6.5,0.29088138341666664
469,นครพนม,36385.0,1%,70376.0,517.01,2022,48,ตะวันออกเฉียงเหนือ,14.89999962,68.44000244,2.9393265991666664
470,นครพนม,36385.0,1%,70376.0,517.01,2022,48,ตะวันออกเฉียงเหนือ,30.40999985,95.02999878,4.893671436666667
471,นครพนม,36385.0,1%,70376.0,517.01,2022,48,ตะวันออกเฉียงเหนือ,74.87000275,123.9899979,7.715036298333334
472,นครพนม,36385.0,1%,70376.0,517.01,2022,48,ตะวันออกเฉียงเหนือ,189.1399994,326.1799927,20.475132758333334
473,นครพนม,36385.0,1%,70376.0,517.01,2022,48,ตะวันออกเฉียงเหนือ,238.5099945,363.2900085,23.30488585
474,นครพนม,36385.0,1%,70376.0,517.01,2022,48,ตะวันออกเฉียงเหนือ,239.0800018,336.2799988,23.052484391666667
475,นครพนม,45456.0,1%,86900.0,523.08,2021,48,ตะวันออกเฉียงเหนือ,0.0,0.0,0.0
476,นครพนม,45456.0,1%,86900.0,523.08,2021,48,ตะวันออกเฉียงเหนือ,0.0,0.01,5.681816666666667e-05
477,นครพนม,45456.0,1%,86900.0,523.08,2021,48,ตะวันออกเฉียงเหนือ,0.0,0.699999988,0.012454405166666667
478,นครพนม,45456.0,1%,86900.0,523.08,2021,48,ตะวันออกเฉียงเหนือ,16.82999992,43.20000076,2.4636267183333334
479,นครพนม,45456.0,1%,86900.0,523.08,2021,48,ตะวันออกเฉียงเหนือ,26.11000061,85.0,4.63582246
480,นครพนม,45456.0,1%,86900.0,523.08,2021,48,ตะวันออกเฉียงเหนือ,85.54000092,250.3399963,12.338191466666666
481,นครพนม,45456.0,1%,86900.0,523.08,2021,48,ตะวันออกเฉียงเหนือ,97.83000183,163.5800018,11.856838525
482,นครพนม,45456.0,1%,86900.0,523.08,2021,48,ตะวันออกเฉียงเหนือ,142.9199982,275.6700134,15.531393625
483,นครพนม,45456.0,1%,86900.0,523.08,2021,48,ตะวันออกเฉียงเหนือ,157.6600037,308.0599976,18.039779566666667
484,นครพนม,45456.0,1%,86900.0,523.08,2021,48,ตะวันออกเฉียงเหนือ,237.4900055,311.4700012,22.843816991666667
485,นครพนม,45456.0,1%,86900.0,523.08,2021,48,ตะวันออกเฉียงเหนือ,266.9899902,494.6799927,31.934146333333334
486,นครพนม,45456.0,1%,86900.0,523.08,2021,48,ตะวันออกเฉียงเหนือ,287.8099976,570.3400269,33.14729920833333
487,นครพนม,45456.0,1%,86900.0,523.08,2022,48,ตะวันออกเฉียงเหนือ,1.879999995,6.5,0.29088138341666664
488,นครพนม,45456.0,1%,86900.0,523.08,2022,48,ตะวันออกเฉียงเหนือ,14.89999962,68.44000244,2.9393265991666664
489,นครพนม,45456.0,1%,86900.0,523.08,2022,48,ตะวันออกเฉียงเหนือ,30.40999985,95.02999878,4.893671436666667
490,นครพนม,45456.0,1%,86900.0,523.08,2022,48,ตะวันออกเฉียงเหนือ,74.87000275,123.9899979,7.715036298333334
491,นครพนม,45456.0,1%,86900.0,523.08,2022,48,ตะวันออกเฉียงเหนือ,189.1399994,326.1799927,20.475132758333334
492,นครพนม,45456.0,1%,86900.0,523.08,2022,48,ตะวันออกเฉียงเหนือ,238.5099945,363.2900085,23.30488585
493,นครพนม,45456.0,1%,86900.0,523.08,2022,48,ตะวันออกเฉียงเหนือ,239.0800018,336.2799988,23.052484391666667
494,ศรีสะเกษ,35426.0,1%,68618.0,516.28,2021,33,ตะวันออกเฉียงเหนือ,0.0,0.0,0.0
495,ศรีสะเกษ,35426.0,1%,68618.0,516.28,2021,33,ตะวันออกเฉียงเหนือ,0.01,13.53999996,0.31052938683333337
496,ศรีสะเกษ,35426.0,1%,68618.0,516.28,2021,33,ตะวันออกเฉียงเหนือ,0.50999999,4.579999924,0.26196210258333336
497,ศรีสะเกษ,35426.0,1%,68618.0,516.28,2021,33,ตะวันออกเฉียงเหนือ,1.0,27.73999977,0.9477313449999999
498,ศรีสะเกษ,35426.0,1%,68618.0,516.28,2021,33,ตะวันออกเฉียงเหนือ,1.0,37.00999832,0.6475247468333333
499,ศรีสะเกษ,35426.0,1%,68618.0,516.28,2021,33,ตะวันออกเฉียงเหนือ,37.59999847,94.16999817,5.196103085833333
500,ศรีสะเกษ,35426.0,1%,68618.0,516.28,2021,33,ตะวันออกเฉียงเหนือ,131.0599976,261.0799866,14.678258091666665
501,ศรีสะเกษ,35426.0,1%,68618.0,516.28,2021,33,ตะวันออกเฉียงเหนือ,134.0200043,198.0899963,13.570573099999999
502,ศรีสะเกษ,35426.0,1%,68618.0,516.28,2021,33,ตะวันออกเฉียงเหนือ,140.2100067,241.9700012,15.094053241666666
503,ศรีสะเกษ,35426.0,1%,68618.0,516.28,2021,33,ตะวันออกเฉียงเหนือ,161.7299957,249.0,19.146957958333335
504,ศรีสะเกษ,35426.0,1%,68618.0,516.28,2021,33,ตะวันออกเฉียงเหนือ,162.3600006,320.1499939,18.116375966666666
505,ศรีสะเกษ,35426.0,1%,68618.0,516.28,2021,33,ตะวันออกเฉียงเหนือ,329.7399902,488.2600098,33.22632255
506,ศรีสะเกษ,35426.0,1%,68618.0,516.28,2022,33,ตะวันออกเฉียงเหนือ,0.300000012,4.579999924,0.1333718585
507,ศรีสะเกษ,35426.0,1%,68618.0,516.28,2022,33,ตะวันออกเฉียงเหนือ,10.30000019,45.52000046,2.2304992599999998
508,ศรีสะเกษ,35426.0,1%,68618.0,516.28,2022,33,ตะวันออกเฉียงเหนือ,62.20999908,162.8800049,9.924661333333333
509,ศรีสะเกษ,35426.0,1%,68618.0,516.28,2022,33,ตะวันออกเฉียงเหนือ,69.79000092,125.3799973,9.2066987
510,ศรีสะเกษ,35426.0,1%,68618.0,516.28,2022,33,ตะวันออกเฉียงเหนือ,87.69999695,151.3999939,9.405976125
511,ศรีสะเกษ,35426.0,1%,68618.0,516.28,2022,33,ตะวันออกเฉียงเหนือ,178.6699982,336.4100037,21.301323416666666
512,ศรีสะเกษ,35426.0,1%,68618.0,516.28,2022,33,ตะวันออกเฉียงเหนือ,235.5299988,395.2999878,24.595200575000003
513,ศรีสะเกษ,39534.0,1%,74988.0,527.2,2021,33,ตะวันออกเฉียงเหนือ,0.0,0.0,0.0
514,ศรีสะเกษ,39534.0,1%,74988.0,527.2,2021,33,ตะวันออกเฉียงเหนือ,0.01,13.53999996,0.31052938683333337
515,ศรีสะเกษ,39534.0,1%,74988.0,527.2,2021,33,ตะวันออกเฉียงเหนือ,0.50999999,4.579999924,0.26196210258333336
516,ศรีสะเกษ,39534.0,1%,74988.0,527.2,2021,33,ตะวันออกเฉียงเหนือ,1.0,27.73999977,0.9477313449999999
517,ศรีสะเกษ,39534.0,1%,74988.0,527.2,2021,33,ตะวันออกเฉียงเหนือ,1.0,37.00999832,0.6475247468333333
518,ศรีสะเกษ,39534.0,1%,74988.0,527.2,2021,33,ตะวันออกเฉียงเหนือ,37.59999847,94.16999817,5.196103085833333
519,ศรีสะเกษ,39534.0,1%,74988.0,527.2,2021,33,ตะวันออกเฉียงเหนือ,131.0599976,261.0799866,14.678258091666665
520,ศรีสะเกษ,39534.0,1%,74988.0,527.2,2021,33,ตะวันออกเฉียงเหนือ,134.0200043,198.0899963,13.570573099999999
521,ศรีสะเกษ,39534.0,1%,74988.0,527.2,2021,33,ตะวันออกเฉียงเหนือ,140.2100067,241.9700012,15.094053241666666
522,ศรีสะเกษ,39534.0,1%,74988.0,527.2,2021,33,ตะวันออกเฉียงเหนือ,161.7299957,249.0,19.146957958333335
523,ศรีสะเกษ,39534.0,1%,74988.0,527.2,2021,33,ตะวันออกเฉียงเหนือ,162.3600006,320.1499939,18.116375966666666
524,ศรีสะเกษ,39534.0,1%,74988.0,527.2,2021,33,ตะวันออกเฉียงเหนือ,329.7399902,488.2600098,33.22632255
525,ศรีสะเกษ,39534.0,1%,74988.0,527.2,2022,33,ตะวันออกเฉียงเหนือ,0.300000012,4.579999924,0.1333718585
526,ศรีสะเกษ,39534.0,1%,74988.0,527.2,2022,33,ตะวันออกเฉียงเหนือ,10.30000019,45.52000046,2.2304992599999998
527,ศรีสะเกษ,39534.0,1%,74988.0,527.2,2022,33,ตะวันออกเฉียงเหนือ,62.20999908,162.8800049,9.924661333333333
528,ศรีสะเกษ,39534.0,1%,74988.0,527.2,2022,33,ตะวันออกเฉียงเหนือ,69.79000092,125.3799973,9.2066987
529,ศรีสะเกษ,39534.0,1%,74988.0,527.2,2022,33,ตะวันออกเฉียงเหนือ,87.69999695,151.3999939,9.405976125
530,ศรีสะเกษ,39534.0,1%,74988.0,527.2,2022,33,ตะวันออกเฉียงเหนือ,178.6699982,336.4100037,21.301323416666666
531,ศรีสะเกษ,39534.0,1%,74988.0,527.2,2022,33,ตะวันออกเฉียงเหนือ,235.5299988,395.2999878,24.595200575000003
532,สกลนคร,29930.0,0%,63243.0,473.25,2021,47,ตะวันออกเฉียงเหนือ,0.0,0.0,0.0
533,สกลนคร,29930.0,0%,63243.0,473.25,2021,47,ตะวันออกเฉียงเหนือ,0.0,0.029999999,0.00033806583333333335
534,สกลนคร,29930.0,0%,63243.0,473.25,2021,47,ตะวันออกเฉียงเหนือ,0.0,1.629999995,0.025524279833333333
535,สกลนคร,29930.0,0%,63243.0,473.25,2021,47,ตะวันออกเฉียงเหนือ,20.75,31.44000053,2.1552782916666664
536,สกลนคร,29930.0,0%,63243.0,473.25,2021,47,ตะวันออกเฉียงเหนือ,52.75999832,106.3000031,6.257512964166666
537,สกลนคร,29930.0,0%,63243.0,473.25,2021,47,ตะวันออกเฉียงเหนือ,91.33000183,145.2299957,9.558152875
538,สกลนคร,29930.0,0%,63243.0,473.25,2021,47,ตะวันออกเฉียงเหนือ,128.8699951,252.3000031,15.899994958333332
539,สกลนคร,29930.0,0%,63243.0,473.25,2021,47,ตะวันออกเฉียงเหนือ,131.2100067,425.4400024,15.6144573
540,สกลนคร,29930.0,0%,63243.0,473.25,2021,47,ตะวันออกเฉียงเหนือ,141.2799988,180.5800018,13.168125816666667
541,สกลนคร,29930.0,0%,63243.0,473.25,2021,47,ตะวันออกเฉียงเหนือ,183.1100006,346.1199951,22.25899259166667
542,สกลนคร,29930.0,0%,63243.0,473.25,2021,47,ตะวันออกเฉียงเหนือ,185.1999969,395.8200073,23.38302726666667
543,สกลนคร,29930.0,0%,63243.0,473.25,2021,47,ตะวันออกเฉียงเหนือ,195.8899994,531.9099731,24.6959394
544,สกลนคร,29930.0,0%,63243.0,473.25,2022,47,ตะวันออกเฉียงเหนือ,1.24000001,8.930000305,0.294870782
545,สกลนคร,29930.0,0%,63243.0,473.25,2022,47,ตะวันออกเฉียงเหนือ,32.36999893,112.1699982,4.8669329225
546,สกลนคร,29930.0,0%,63243.0,473.25,2022,47,ตะวันออกเฉียงเหนือ,35.72999954,141.3899994,6.9354847741666665
547,สกลนคร,29930.0,0%,63243.0,473.25,2022,47,ตะวันออกเฉียงเหนือ,56.38000107,143.0,6.746834979166667
548,สกลนคร,29930.0,0%,63243.0,473.25,2022,47,ตะวันออกเฉียงเหนือ,145.3099976,243.0700073,15.718178191666667
549,สกลนคร,29930.0,0%,63243.0,473.25,2022,47,ตะวันออกเฉียงเหนือ,213.3200073,437.1900024,23.252495566666667
550,สกลนคร,29930.0,0%,63243.0,473.25,2022,47,ตะวันออกเฉียงเหนือ,250.8000031,489.5499878,26.989122750000003
551,สกลนคร,30723.0,1%,64431.0,476.84,2021,47,ตะวันออกเฉียงเหนือ,0.0,0.0,0.0
552,สกลนคร,30723.0,1%,64431.0,476.84,2021,47,ตะวันออกเฉียงเหนือ,0.0,0.029999999,0.00033806583333333335
553,สกลนคร,30723.0,1%,64431.0,476.84,2021,47,ตะวันออกเฉียงเหนือ,0.0,1.629999995,0.025524279833333333
554,สกลนคร,30723.0,1%,64431.0,476.84,2021,47,ตะวันออกเฉียงเหนือ,20.75,31.44000053,2.1552782916666664
555,สกลนคร,30723.0,1%,64431.0,476.84,2021,47,ตะวันออกเฉียงเหนือ,52.75999832,106.3000031,6.257512964166666
556,สกลนคร,30723.0,1%,64431.0,476.84,2021,47,ตะวันออกเฉียงเหนือ,91.33000183,145.2299957,9.558152875
557,สกลนคร,30723.0,1%,64431.0,476.84,2021,47,ตะวันออกเฉียงเหนือ,128.8699951,252.3000031,15.899994958333332
558,สกลนคร,30723.0,1%,64431.0,476.84,2021,47,ตะวันออกเฉียงเหนือ,131.2100067,425.4400024,15.6144573
559,สกลนคร,30723.0,1%,64431.0,476.84,2021,47,ตะวันออกเฉียงเหนือ,141.2799988,180.5800018,13.168125816666667
560,สกลนคร,30723.0,1%,64431.0,476.84,2021,47,ตะวันออกเฉียงเหนือ,183.1100006,346.1199951,22.25899259166667
561,สกลนคร,30723.0,1%,64431.0,476.84,2021,47,ตะวันออกเฉียงเหนือ,185.1999969,395.8200073,23.38302726666667
562,สกลนคร,30723.0,1%,64431.0,476.84,2021,47,ตะวันออกเฉียงเหนือ,195.8899994,531.9099731,24.6959394
563,สกลนคร,30723.0,1%,64431.0,476.84,2022,47,ตะวันออกเฉียงเหนือ,1.24000001,8.930000305,0.294870782
564,สกลนคร,30723.0,1%,64431.0,476.84,2022,47,ตะวันออกเฉียงเหนือ,32.36999893,112.1699982,4.8669329225
565,สกลนคร,30723.0,1%,64431.0,476.84,2022,47,ตะวันออกเฉียงเหนือ,35.72999954,141.3899994,6.9354847741666665
566,สกลนคร,30723.0,1%,64431.0,476.84,2022,47,ตะวันออกเฉียงเหนือ,56.38000107,143.0,6.746834979166667
567,สกลนคร,30723.0,1%,64431.0,476.84,2022,47,ตะวันออกเฉียงเหนือ,145.3099976,243.0700073,15.718178191666667
568,สกลนคร,30723.0,1%,64431.0,476.84,2022,47,ตะวันออกเฉียงเหนือ,213.3200073,437.1900024,23.252495566666667
569,สกลนคร,30723.0,1%,64431.0,476.84,2022,47,ตะวันออกเฉียงเหนือ,250.8000031,489.5499878,26.989122750000003
608,อุดรธานี,23252.0,0%,45041.0,516.24,2021,41,ตะวันออกเฉียงเหนือ,0.0,0.01,1.2416666666666667e-06
609,อุดรธานี,23252.0,0%,45041.0,516.24,2021,41,ตะวันออกเฉียงเหนือ,0.0,0.059999999,0.00034722225
610,อุดรธานี,23252.0,0%,45041.0,516.24,2021,41,ตะวันออกเฉียงเหนือ,0.0,3.210000038,0.034965100166666666
611,อุดรธานี,23252.0,0%,45041.0,516.24,2021,41,ตะวันออกเฉียงเหนือ,9.210000038,78.25,4.1433229425
612,อุดรธานี,23252.0,0%,45041.0,516.24,2021,41,ตะวันออกเฉียงเหนือ,17.54000092,40.40000153,2.545568341666667
613,อุดรธานี,23252.0,0%,45041.0,516.24,2021,41,ตะวันออกเฉียงเหนือ,58.72000122,167.2899933,9.276773058333333
614,อุดรธานี,23252.0,0%,45041.0,516.24,2021,41,ตะวันออกเฉียงเหนือ,74.69999695,205.3500061,10.401102491666666
615,อุดรธานี,23252.0,0%,45041.0,516.24,2021,41,ตะวันออกเฉียงเหนือ,122.8199997,404.0299988,18.12860124166667
616,อุดรธานี,23252.0,0%,45041.0,516.24,2021,41,ตะวันออกเฉียงเหนือ,124.0100021,304.0100098,14.219825499999999
617,อุดรธานี,23252.0,0%,45041.0,516.24,2021,41,ตะวันออกเฉียงเหนือ,128.3500061,299.3299866,15.0187095
618,อุดรธานี,23252.0,0%,45041.0,516.24,2021,41,ตะวันออกเฉียงเหนือ,143.6499939,256.3999939,15.963302258333334
619,อุดรธานี,23252.0,0%,45041.0,516.24,2021,41,ตะวันออกเฉียงเหนือ,203.2100067,440.0799866,25.7232083
620,อุดรธานี,23252.0,0%,45041.0,516.24,2022,41,ตะวันออกเฉียงเหนือ,0.300000012,24.23999977,0.5556663826666667
621,อุดรธานี,23252.0,0%,45041.0,516.24,2022,41,ตะวันออกเฉียงเหนือ,24.90999985,140.4100037,5.430669576666666
622,อุดรธานี,23252.0,0%,45041.0,516.24,2022,41,ตะวันออกเฉียงเหนือ,30.11000061,114.0699997,5.351841345
623,อุดรธานี,23252.0,0%,45041.0,516.24,2022,41,ตะวันออกเฉียงเหนือ,36.70999908,182.7700043,6.969108323333334
624,อุดรธานี,23252.0,0%,45041.0,516.24,2022,41,ตะวันออกเฉียงเหนือ,104.9800034,199.2200012,12.683967308333335
625,อุดรธานี,23252.0,0%,45041.0,516.24,2022,41,ตะวันออกเฉียงเหนือ,133.4900055,382.7900085,20.37580695833333
626,อุดรธานี,23252.0,0%,45041.0,516.24,2022,41,ตะวันออกเฉียงเหนือ,211.0099945,425.1900024,25.026664791666665
627,อุดรธานี,24629.0,0%,47048.0,523.49,2021,41,ตะวันออกเฉียงเหนือ,0.0,0.01,1.2416666666666667e-06
628,อุดรธานี,24629.0,0%,47048.0,523.49,2021,41,ตะวันออกเฉียงเหนือ,0.0,0.059999999,0.00034722225
629,อุดรธานี,24629.0,0%,47048.0,523.49,2021,41,ตะวันออกเฉียงเหนือ,0.0,3.210000038,0.034965100166666666
630,อุดรธานี,24629.0,0%,47048.0,523.49,2021,41,ตะวันออกเฉียงเหนือ,9.210000038,78.25,4.1433229425
631,อุดรธานี,24629.0,0%,47048.0,523.49,2021,41,ตะวันออกเฉียงเหนือ,17.54000092,40.40000153,2.545568341666667
632,อุดรธานี,24629.0,0%,47048.0,523.49,2021,41,ตะวันออกเฉียงเหนือ,58.72000122,167.2899933,9.276773058333333
633,อุดรธานี,24629.0,0%,47048.0,523.49,2021,41,ตะวันออกเฉียงเหนือ,74.69999695,205.3500061,10.401102491666666
634,อุดรธานี,24629.0,0%,47048.0,523.49,2021,41,ตะวันออกเฉียงเหนือ,122.8199997,404.0299988,18.12860124166667
635,อุดรธานี,24629.0,0%,47048.0,523.49,2021,41,ตะวันออกเฉียงเหนือ,124.0100021,304.0100098,14.219825499999999
636,อุดรธานี,24629.0,0%,47048.0,523.49,2021,41,ตะวันออกเฉียงเหนือ,128.3500061,299.3299866,15.0187095
637,อุดรธานี,24629.0,0%,47048.0,523.49,2021,41,ตะวันออกเฉียงเหนือ,143.6499939,256.3999939,15.963302258333334
638,อุดรธานี,24629.0,0%,47048.0,523.49,2021,41,ตะวันออกเฉียงเหนือ,203.2100067,440.0799866,25.7232083
639,อุดรธานี,24629.0,0%,47048.0,523.49,2022,41,ตะวันออกเฉียงเหนือ,0.300000012,24.23999977,0.5556663826666667
640,อุดรธานี,24629.0,0%,47048.0,523.49,2022,41,ตะวันออกเฉียงเหนือ,24.90999985,140.4100037,5.430669576666666
641,อุดรธานี,24629.0,0%,47048.0,523.49,2022,41,ตะวันออกเฉียงเหนือ,30.11000061,114.0699997,5.351841345
642,อุดรธานี,24629.0,0%,47048.0,523.49,2022,41,ตะวันออกเฉียงเหนือ,36.70999908,182.7700043,6.969108323333334
643,อุดรธานี,24629.0,0%,47048.0,523.49,2022,41,ตะวันออกเฉียงเหนือ,104.9800034,199.2200012,12.683967308333335
644,อุดรธานี,24629.0,0%,47048.0,523.49,2022,41,ตะวันออกเฉียงเหนือ,133.4900055,382.7900085,20.37580695833333
645,อุดรธานี,24629.0,0%,47048.0,523.49,2022,41,ตะวันออกเฉียงเหนือ,211.0099945,425.1900024,25.026664791666665
646,บุรีรัมย์,22614.0,0%,43423.0,520.78,2021,31,ตะวันออกเฉียงเหนือ,0.0,0.0,0.0
647,บุรีรัมย์,22614.0,0%,43423.0,520.78,2021,31,ตะวันออกเฉียงเหนือ,0.0,34.18000031,0.39100483241666667
648,บุรีรัมย์,22614.0,0%,43423.0,520.78,2021,31,ตะวันออกเฉียงเหนือ,0.560000002,22.78000069,0.9128173516666668
649,บุรีรัมย์,22614.0,0%,43423.0,520.78,2021,31,ตะวันออกเฉียงเหนือ,5.210000038,59.88999939,1.45765021
650,บุรีรัมย์,22614.0,0%,43423.0,520.78,2021,31,ตะวันออกเฉียงเหนือ,7.809999943,30.70999908,1.8050239625
651,บุรีรัมย์,22614.0,0%,43423.0,520.78,2021,31,ตะวันออกเฉียงเหนือ,65.65000153,208.3999939,10.535454491666666
652,บุรีรัมย์,22614.0,0%,43423.0,520.78,2021,31,ตะวันออกเฉียงเหนือ,68.72000122,334.3800049,15.165087825
653,บุรีรัมย์,22614.0,0%,43423.0,520.78,2021,31,ตะวันออกเฉียงเหนือ,105.0100021,187.4199982,11.797214533333333
654,บุรีรัมย์,22614.0,0%,43423.0,520.78,2021,31,ตะวันออกเฉียงเหนือ,105.5699997,218.3999939,12.809219733333334
655,บุรีรัมย์,22614.0,0%,43423.0,520.78,2021,31,ตะวันออกเฉียงเหนือ,145.3600006,234.3899994,15.828480866666666
656,บุรีรัมย์,22614.0,0%,43423.0,520.78,2021,31,ตะวันออกเฉียงเหนือ,145.6100006,282.7999878,20.940678966666667
657,บุรีรัมย์,22614.0,0%,43423.0,520.78,2021,31,ตะวันออกเฉียงเหนือ,267.4400024,359.5899963,26.376650925000003
658,บุรีรัมย์,22614.0,0%,43423.0,520.78,2022,31,ตะวันออกเฉียงเหนือ,0.430000007,13.39000034,0.35785824608333333
659,บุรีรัมย์,22614.0,0%,43423.0,520.78,2022,31,ตะวันออกเฉียงเหนือ,19.12000084,90.26000214,4.6838081266666665
660,บุรีรัมย์,22614.0,0%,43423.0,520.78,2022,31,ตะวันออกเฉียงเหนือ,30.40999985,202.1199951,8.718505525
661,บุรีรัมย์,22614.0,0%,43423.0,520.78,2022,31,ตะวันออกเฉียงเหนือ,70.65000153,271.3800049,15.1810882
662,บุรีรัมย์,22614.0,0%,43423.0,520.78,2022,31,ตะวันออกเฉียงเหนือ,87.37000275,189.2299957,12.128723266666666
663,บุรีรัมย์,22614.0,0%,43423.0,520.78,2022,31,ตะวันออกเฉียงเหนือ,159.0,384.3800049,22.720247150000002
664,บุรีรัมย์,22614.0,0%,43423.0,520.78,2022,31,ตะวันออกเฉียงเหนือ,234.6199951,482.4899902,29.160458258333335
665,บุรีรัมย์,17414.0,0%,33590.0,518.43,2021,31,ตะวันออกเฉียงเหนือ,0.0,0.0,0.0
666,บุรีรัมย์,17414.0,0%,33590.0,518.43,2021,31,ตะวันออกเฉียงเหนือ,0.0,34.18000031,0.39100483241666667
667,บุรีรัมย์,17414.0,0%,33590.0,518.43,2021,31,ตะวันออกเฉียงเหนือ,0.560000002,22.78000069,0.9128173516666668
668,บุรีรัมย์,17414.0,0%,33590.0,518.43,2021,31,ตะวันออกเฉียงเหนือ,5.210000038,59.88999939,1.45765021
669,บุรีรัมย์,17414.0,0%,33590.0,518.43,2021,31,ตะวันออกเฉียงเหนือ,7.809999943,30.70999908,1.8050239625
670,บุรีรัมย์,17414.0,0%,33590.0,518.43,2021,31,ตะวันออกเฉียงเหนือ,65.65000153,208.3999939,10.535454491666666
671,บุรีรัมย์,17414.0,0%,33590.0,518.43,2021,31,ตะวันออกเฉียงเหนือ,68.72000122,334.3800049,15.165087825
672,บุรีรัมย์,17414.0,0%,33590.0,518.43,2021,31,ตะวันออกเฉียงเหนือ,105.0100021,187.4199982,11.797214533333333
673,บุรีรัมย์,17414.0,0%,33590.0,518.43,2021,31,ตะวันออกเฉียงเหนือ,105.5699997,218.3999939,12.809219733333334
674,บุรีรัมย์,17414.0,0%,33590.0,518.43,2021,31,ตะวันออกเฉียงเหนือ,145.3600006,234.3899994,15.828480866666666
675,บุรีรัมย์,17414.0,0%,33590.0,518.43,2021,31,ตะวันออกเฉียงเหนือ,145.6100006,282.7999878,20.940678966666667
676,บุรีรัมย์,17414.0,0%,33590.0,518.43,2021,31,ตะวันออกเฉียงเหนือ,267.4400024,359.5899963,26.376650925000003
677,บุรีรัมย์,17414.0,0%,33590.0,518.43,2022,31,ตะวันออกเฉียงเหนือ,0.430000007,13.39000034,0.35785824608333333
678,บุรีรัมย์,17414.0,0%,33590.0,518.43,2022,31,ตะวันออกเฉียงเหนือ,19.12000084,90.26000214,4.6838081266666665
679,บุรีรัมย์,17414.0,0%,33590.0,518.43,2022,31,ตะวันออกเฉียงเหนือ,30.40999985,202.1199951,8.718505525
680,บุรีรัมย์,17414.0,0%,33590.0,518.43,2022,31,ตะวันออกเฉียงเหนือ,70.65000153,271.3800049,15.1810882
681,บุรีรัมย์,17414.0,0%,33590.0,518.43,2022,31,ตะวันออกเฉียงเหนือ,87.37000275,189.2299957,12.128723266666666
682,บุรีรัมย์,17414.0,0%,33590.0,518.43,2022,31,ตะวันออกเฉียงเหนือ,159.0,384.3800049,22.720247150000002
683,บุรีรัมย์,17414.0,0%,33590.0,518.43,2022,31,ตะวันออกเฉียงเหนือ,234.6199951,482.4899902,29.160458258333335
798,สุรินทร์,19839.0,0%,44464.0,446.18,2021,32,ตะวันออกเฉียงเหนือ,0.0,0.0,0.0
799,สุรินทร์,19839.0,0%,44464.0,446.18,2021,32,ตะวันออกเฉียงเหนือ,0.0,3.559999943,0.032449912000000004
800,สุรินทร์,19839.0,0%,44464.0,446.18,2021,32,ตะวันออกเฉียงเหนือ,0.0,32.75,1.2088482716666666
801,สุรินทร์,19839.0,0%,44464.0,446.18,2021,32,ตะวันออกเฉียงเหนือ,0.0,33.27999878,1.1616877625
802,สุรินทร์,19839.0,0%,44464.0,446.18,2021,32,ตะวันออกเฉียงเหนือ,11.36999989,46.52999878,2.523804835
803,สุรินทร์,19839.0,0%,44464.0,446.18,2021,32,ตะวันออกเฉียงเหนือ,65.87000275,163.8999939,7.846316229166667
804,สุรินทร์,19839.0,0%,44464.0,446.18,2021,32,ตะวันออกเฉียงเหนือ,96.91000366,166.7200012,11.7772475
805,สุรินทร์,19839.0,0%,44464.0,446.18,2021,32,ตะวันออกเฉียงเหนือ,124.1200027,317.9899902,19.697526958333334
806,สุรินทร์,19839.0,0%,44464.0,446.18,2021,32,ตะวันออกเฉียงเหนือ,132.0099945,205.8500061,13.199062974999999
807,สุรินทร์,19839.0,0%,44464.0,446.18,2021,32,ตะวันออกเฉียงเหนือ,137.9900055,212.5599976,14.899702591666667
808,สุรินทร์,19839.0,0%,44464.0,446.18,2021,32,ตะวันออกเฉียงเหนือ,150.9700012,240.4100037,16.562687516666667
809,สุรินทร์,19839.0,0%,44464.0,446.18,2021,32,ตะวันออกเฉียงเหนือ,254.0200043,441.980011,26.0961382
810,สุรินทร์,19839.0,0%,44464.0,446.18,2022,32,ตะวันออกเฉียงเหนือ,0.0,12.17000008,0.25266978041666666
811,สุรินทร์,19839.0,0%,44464.0,446.18,2022,32,ตะวันออกเฉียงเหนือ,0.02,244.1300049,11.740815283333333
812,สุรินทร์,19839.0,0%,44464.0,446.18,2022,32,ตะวันออกเฉียงเหนือ,17.37999916,77.87000275,4.1398215333333335
813,สุรินทร์,19839.0,0%,44464.0,446.18,2022,32,ตะวันออกเฉียงเหนือ,76.51999664,270.2999878,17.310224375
814,สุรินทร์,19839.0,0%,44464.0,446.18,2022,32,ตะวันออกเฉียงเหนือ,91.41000366,221.6000061,13.38945185
815,สุรินทร์,19839.0,0%,44464.0,446.18,2022,32,ตะวันออกเฉียงเหนือ,96.13999939,169.0399933,11.438933825
816,สุรินทร์,19839.0,0%,44464.0,446.18,2022,32,ตะวันออกเฉียงเหนือ,199.9199982,451.1400146,21.810719608333333
817,สุรินทร์,13601.0,0%,29301.0,464.18,2021,32,ตะวันออกเฉียงเหนือ,0.0,0.0,0.0
818,สุรินทร์,13601.0,0%,29301.0,464.18,2021,32,ตะวันออกเฉียงเหนือ,0.0,3.559999943,0.032449912000000004
819,สุรินทร์,13601.0,0%,29301.0,464.18,2021,32,ตะวันออกเฉียงเหนือ,0.0,32.75,1.2088482716666666
820,สุรินทร์,13601.0,0%,29301.0,464.18,2021,32,ตะวันออกเฉียงเหนือ,0.0,33.27999878,1.1616877625
821,สุรินทร์,13601.0,0%,29301.0,464.18,2021,32,ตะวันออกเฉียงเหนือ,11.36999989,46.52999878,2.523804835
822,สุรินทร์,13601.0,0%,29301.0,464.18,2021,32,ตะวันออกเฉียงเหนือ,65.87000275,163.8999939,7.846316229166667
823,สุรินทร์,13601.0,0%,29301.0,464.18,2021,32,ตะวันออกเฉียงเหนือ,96.91000366,166.7200012,11.7772475
824,สุรินทร์,13601.0,0%,29301.0,464.18,2021,32,ตะวันออกเฉียงเหนือ,124.1200027,317.9899902,19.697526958333334
825,สุรินทร์,13601.0,0%,29301.0,464.18,2021,32,ตะวันออกเฉียงเหนือ,132.0099945,205.8500061,13.199062974999999
826,สุรินทร์,13601.0,0%,29301.0,464.18,2021,32,ตะวันออกเฉียงเหนือ,137.9900055,212.5599976,14.899702591666667
827,สุรินทร์,13601.0,0%,29301.0,464.18,2021,32,ตะวันออกเฉียงเหนือ,150.9700012,240.4100037,16.562687516666667
828,สุรินทร์,13601.0,0%,29301.0,464.18,2021,32,ตะวันออกเฉียงเหนือ,254.0200043,441.980011,26.0961382
829,สุรินทร์,13601.0,0%,29301.0,464.18,2022,32,ตะวันออกเฉียงเหนือ,0.0,12.17000008,0.25266978041666666
830,สุรินทร์,13601.0,0%,29301.0,464.18,2022,32,ตะวันออกเฉียงเหนือ,0.02,244.1300049,11.740815283333333
831,สุรินทร์,13601.0,0%,29301.0,464.18,2022,32,ตะวันออกเฉียงเหนือ,17.37999916,77.87000275,4.1398215333333335
832,สุรินทร์,13601.0,0%,29301.0,464.18,2022,32,ตะวันออกเฉียงเหนือ,76.51999664,270.2999878,17.310224375
833,สุรินทร์,13601.0,0%,29301.0,464.18,2022,32,ตะวันออกเฉียงเหนือ,91.41000366,221.6000061,13.38945185
834,สุรินทร์,13601.0,0%,29301.0,464.18,2022,32,ตะวันออกเฉียงเหนือ,96.13999939,169.0399933,11.438933825
835,สุรินทร์,13601.0,0%,29301.0,464.18,2022,32,ตะวันออกเฉียงเหนือ,199.9199982,451.1400146,21.810719608333333
950,หนองบัวลำภู,12451.0,0%,24519.0,507.81,2021,39,ตะวันออกเฉียงเหนือ,0.0,0.0,0.0
951,หนองบัวลำภู,12451.0,0%,24519.0,507.81,2021,39,ตะวันออกเฉียงเหนือ,0.0,0.01,2.3916666666666667e-07
952,หนองบัวลำภู,12451.0,0%,24519.0,507.81,2021,39,ตะวันออกเฉียงเหนือ,0.0,3.859999895,0.08986586175
953,หนองบัวลำภู,12451.0,0%,24519.0,507.81,2021,39,ตะวันออกเฉียงเหนือ,24.12000084,29.93000031,2.2377929483333334
954,หนองบัวลำภู,12451.0,0%,24519.0,507.81,2021,39,ตะวันออกเฉียงเหนือ,47.97000122,81.27999878,5.453207813333333
955,หนองบัวลำภู,12451.0,0%,24519.0,507.81,2021,39,ตะวันออกเฉียงเหนือ,69.73000336,224.4499969,10.295470674999999
956,หนองบัวลำภู,12451.0,0%,24519.0,507.81,2021,39,ตะวันออกเฉียงเหนือ,74.51999664,107.3199997,7.124386558333334
957,หนองบัวลำภู,12451.0,0%,24519.0,507.81,2021,39,ตะวันออกเฉียงเหนือ,98.97000122,195.5099945,12.815100841666668
958,หนองบัวลำภู,12451.0,0%,24519.0,507.81,2021,39,ตะวันออกเฉียงเหนือ,127.4599991,178.2100067,12.626379708333333
959,หนองบัวลำภู,12451.0,0%,24519.0,507.81,2021,39,ตะวันออกเฉียงเหนือ,159.3500061,243.9600067,16.572696416666666
960,หนองบัวลำภู,12451.0,0%,24519.0,507.81,2021,39,ตะวันออกเฉียงเหนือ,166.3800049,266.1799927,19.959366191666668
961,หนองบัวลำภู,12451.0,0%,24519.0,507.81,2021,39,ตะวันออกเฉียงเหนือ,191.7700043,465.9100037,24.30091404166667
962,หนองบัวลำภู,12451.0,0%,24519.0,507.81,2022,39,ตะวันออกเฉียงเหนือ,0.0,13.18999958,0.4304390628333334
963,หนองบัวลำภู,12451.0,0%,24519.0,507.81,2022,39,ตะวันออกเฉียงเหนือ,51.34999847,83.26000214,5.782037703333334
964,หนองบัวลำภู,12451.0,0%,24519.0,507.81,2022,39,ตะวันออกเฉียงเหนือ,54.59999847,115.5899963,6.2901154475
965,หนองบัวลำภู,12451.0,0%,24519.0,507.81,2022,39,ตะวันออกเฉียงเหนือ,55.90000153,80.44000244,5.554963349166666
966,หนองบัวลำภู,12451.0,0%,24519.0,507.81,2022,39,ตะวันออกเฉียงเหนือ,96.01999664,158.0099945,10.096998416666667
967,หนองบัวลำภู,12451.0,0%,24519.0,507.81,2022,39,ตะวันออกเฉียงเหนือ,127.0400009,210.3099976,12.810828308333333
968,หนองบัวลำภู,12451.0,0%,24519.0,507.81,2022,39,ตะวันออกเฉียงเหนือ,203.8399963,307.0499878,20.74051165
969,หนองบัวลำภู,13649.0,0%,27119.0,503.3,2021,39,ตะวันออกเฉียงเหนือ,0.0,0.0,0.0
970,หนองบัวลำภู,13649.0,0%,27119.0,503.3,2021,39,ตะวันออกเฉียงเหนือ,0.0,0.01,2.3916666666666667e-07
971,หนองบัวลำภู,13649.0,0%,27119.0,503.3,2021,39,ตะวันออกเฉียงเหนือ,0.0,3.859999895,0.08986586175
972,หนองบัวลำภู,13649.0,0%,27119.0,503.3,2021,39,ตะวันออกเฉียงเหนือ,24.12000084,29.93000031,2.2377929483333334
973,หนองบัวลำภู,13649.0,0%,27119.0,503.3,2021,39,ตะวันออกเฉียงเหนือ,47.97000122,81.27999878,5.453207813333333
974,หนองบัวลำภู,13649.0,0%,27119.0,503.3,2021,39,ตะวันออกเฉียงเหนือ,69.73000336,224.4499969,10.295470674999999
975,หนองบัวลำภู,13649.0,0%,27119.0,503.3,2021,39,ตะวันออกเฉียงเหนือ,74.51999664,107.3199997,7.124386558333334
976,หนองบัวลำภู,13649.0,0%,27119.0,503.3,2021,39,ตะวันออกเฉียงเหนือ,98.97000122,195.5099945,12.815100841666668
977,หนองบัวลำภู,13649.0,0%,27119.0,503.3,2021,39,ตะวันออกเฉียงเหนือ,127.4599991,178.2100067,12.626379708333333
978,หนองบัวลำภู,13649.0,0%,27119.0,503.3,2021,39,ตะวันออกเฉียงเหนือ,159.3500061,243.9600067,16.572696416666666
979,หนองบัวลำภู,13649.0,0%,27119.0,503.3,2021,39,ตะวันออกเฉียงเหนือ,166.3800049,266.1799927,19.959366191666668
980,หนองบัวลำภู,13649.0,0%,27119.0,503.3,2021,39,ตะวันออกเฉียงเหนือ,191.7700043,465.9100037,24.30091404166667
981,หนองบัวลำภู,13649.0,0%,27119.0,503.3,2022,39,ตะวันออกเฉียงเหนือ,0.0,13.18999958,0.4304390628333334
982,หนองบัวลำภู,13649.0,0%,27119.0,503.3,2022,39,ตะวันออกเฉียงเหนือ,51.34999847,83.26000214,5.782037703333334
983,หนองบัวลำภู,13649.0,0%,27119.0,503.3,2022,39,ตะวันออกเฉียงเหนือ,54.59999847,115.5899963,6.2901154475
984,หนองบัวลำภู,13649.0,0%,27119.0,503.3,2022,39,ตะวันออกเฉียงเหนือ,55.90000153,80.44000244,5.554963349166666
985,หนองบัวลำภู,13649.0,0%,27119.0,503.3,2022,39,ตะวันออกเฉียงเหนือ,96.01999664,158.0099945,10.096998416666667
986,หนองบัวลำภู,13649.0,0%,27119.0,503.3,2022,39,ตะวันออกเฉียงเหนือ,127.0400009,210.3099976,12.810828308333333
987,หนองบัวลำภู,13649.0,0%,27119.0,503.3,2022,39,ตะวันออกเฉียงเหนือ,203.8399963,307.0499878,20.74051165
